v=0.1.0,JobID=1355127_17,JobIDRaw=1355941,User=ec-aaf,Account=ec29,State=COMPLETED,Start=2025-02-28T21:42:34+01:00,End=2025-03-01T01:14:41+01:00,ElapsedRaw=12727,ReqCPUS=100,ReqMem=100G,ReqNodes=1,Submit=2025-02-28T11:03:14+01:00,SystemCPU=03:48.255,TimelimitRaw=900,UserCPU=12-12:41:18,NodeList=c1-25,Partition=normal,"AllocTRES=billing=100,cpu=100,mem=100G,node=1",JobName=big_experiment
v=0.1.0,JobID=1355127_17.batch,JobIDRaw=1355941.batch,Account=ec29,State=COMPLETED,Start=2025-02-28T21:42:34+01:00,End=2025-03-01T01:14:41+01:00,AveDiskRead=0.13M,AveDiskWrite=0.05M,AveRSS=5312K,ElapsedRaw=12727,MaxRSS=5312K,ReqCPUS=100,ReqNodes=1,Submit=2025-02-28T21:42:34+01:00,SystemCPU=00:00.044,UserCPU=00:00.007,NodeList=c1-25,"AllocTRES=cpu=100,mem=100G,node=1",JobName=batch
v=0.1.0,JobID=1355127_17.extern,JobIDRaw=1355941.extern,Account=ec29,State=COMPLETED,Start=2025-02-28T21:42:34+01:00,End=2025-03-01T01:14:41+01:00,AveDiskRead=0.01M,ElapsedRaw=12727,ReqCPUS=100,ReqNodes=1,Submit=2025-02-28T21:42:34+01:00,SystemCPU=00:00.001,NodeList=c1-25,"AllocTRES=billing=100,cpu=100,mem=100G,node=1",JobName=extern
v=0.1.0,JobID=1355127_17.0,JobIDRaw=1355941.0,Account=ec29,State=COMPLETED,Start=2025-02-28T21:42:35+01:00,End=2025-03-01T01:14:41+01:00,AveCPU=12-12:45:04,AveDiskRead=2599.89M,AveDiskWrite=7469.22M,AveRSS=7747568K,ElapsedRaw=12726,Layout=Cyclic,MaxRSS=7747568K,MinCPU=12-12:45:04,ReqCPUS=100,ReqNodes=1,Submit=2025-02-28T21:42:35+01:00,SystemCPU=03:48.209,UserCPU=12-12:41:18,NodeList=c1-25,"AllocTRES=cpu=100,mem=100G,node=1",JobName=python3
v=0.1.0,JobID=1355127_18,JobIDRaw=1355971,User=ec-aaf,Account=ec29,State=COMPLETED,Start=2025-02-28T21:43:04+01:00,End=2025-03-01T01:21:48+01:00,ElapsedRaw=13124,ReqCPUS=100,ReqMem=100G,ReqNodes=1,Submit=2025-02-28T11:03:14+01:00,SystemCPU=04:00.199,TimelimitRaw=900,UserCPU=13-03:10:08,NodeList=c1-28,Partition=normal,"AllocTRES=billing=100,cpu=100,mem=100G,node=1",JobName=big_experiment
v=0.1.0,JobID=1355127_18.batch,JobIDRaw=1355971.batch,Account=ec29,State=COMPLETED,Start=2025-02-28T21:43:04+01:00,End=2025-03-01T01:21:48+01:00,AveDiskRead=0.13M,AveDiskWrite=0.05M,AveRSS=5604K,ElapsedRaw=13124,MaxRSS=5604K,ReqCPUS=100,ReqNodes=1,Submit=2025-02-28T21:43:04+01:00,SystemCPU=00:00.040,UserCPU=00:00.010,NodeList=c1-28,"AllocTRES=cpu=100,mem=100G,node=1",JobName=batch
v=0.1.0,JobID=1355127_18.extern,JobIDRaw=1355971.extern,Account=ec29,State=COMPLETED,Start=2025-02-28T21:43:04+01:00,End=2025-03-01T01:21:48+01:00,AveDiskRead=0.01M,ElapsedRaw=13124,ReqCPUS=100,ReqNodes=1,Submit=2025-02-28T21:43:04+01:00,SystemCPU=00:00.001,NodeList=c1-28,"AllocTRES=billing=100,cpu=100,mem=100G,node=1",JobName=extern
v=0.1.0,JobID=1355127_18.0,JobIDRaw=1355971.0,Account=ec29,State=COMPLETED,Start=2025-02-28T21:43:05+01:00,End=2025-03-01T01:21:48+01:00,AveCPU=13-03:14:06,AveDiskRead=2543.32M,AveDiskWrite=7385.38M,AveRSS=7380M,ElapsedRaw=13123,Layout=Cyclic,MaxRSS=7380M,MinCPU=13-03:14:06,ReqCPUS=100,ReqNodes=1,Submit=2025-02-28T21:43:05+01:00,SystemCPU=04:00.157,UserCPU=13-03:10:08,NodeList=c1-28,"AllocTRES=cpu=100,mem=100G,node=1",JobName=python3
v=0.1.0,JobID=1355127_19,JobIDRaw=1355976,User=ec-aaf,Account=ec29,State=COMPLETED,Start=2025-02-28T21:44:04+01:00,End=2025-03-01T01:06:23+01:00,ElapsedRaw=12139,ReqCPUS=100,ReqMem=100G,ReqNodes=1,Submit=2025-02-28T11:03:14+01:00,SystemCPU=03:50.819,TimelimitRaw=900,UserCPU=12-00:10:34,NodeList=c1-14,Partition=normal,"AllocTRES=billing=100,cpu=100,mem=100G,node=1",JobName=big_experiment
v=0.1.0,JobID=1355127_19.batch,JobIDRaw=1355976.batch,Account=ec29,State=COMPLETED,Start=2025-02-28T21:44:04+01:00,End=2025-03-01T01:06:23+01:00,AveDiskRead=0.13M,AveDiskWrite=0.05M,AveRSS=5356K,ElapsedRaw=12139,MaxRSS=5356K,ReqCPUS=100,ReqNodes=1,Submit=2025-02-28T21:44:04+01:00,SystemCPU=00:00.039,UserCPU=00:00.013,NodeList=c1-14,"AllocTRES=cpu=100,mem=100G,node=1",JobName=batch
v=0.1.0,JobID=1355127_19.extern,JobIDRaw=1355976.extern,Account=ec29,State=COMPLETED,Start=2025-02-28T21:44:04+01:00,End=2025-03-01T01:06:23+01:00,AveDiskRead=0.01M,ElapsedRaw=12139,ReqCPUS=100,ReqNodes=1,Submit=2025-02-28T21:44:04+01:00,SystemCPU=00:00.001,NodeList=c1-14,"AllocTRES=billing=100,cpu=100,mem=100G,node=1",JobName=extern
v=0.1.0,JobID=1355127_19.0,JobIDRaw=1355976.0,Account=ec29,State=COMPLETED,Start=2025-02-28T21:44:05+01:00,End=2025-03-01T01:06:23+01:00,AveCPU=12-00:14:23,AveDiskRead=2563.54M,AveDiskWrite=7399.74M,AveRSS=7463256K,ElapsedRaw=12138,Layout=Cyclic,MaxRSS=7463256K,MinCPU=12-00:14:23,ReqCPUS=100,ReqNodes=1,Submit=2025-02-28T21:44:05+01:00,SystemCPU=03:50.778,UserCPU=12-00:10:34,NodeList=c1-14,"AllocTRES=cpu=100,mem=100G,node=1",JobName=python3
v=0.1.0,JobID=1356181,JobIDRaw=1356181,User=ec-aaj,Account=ec29,State=COMPLETED,Start=2025-02-28T23:56:30+01:00,End=2025-03-01T01:31:51+01:00,ElapsedRaw=5721,ReqCPUS=1,ReqMem=8G,ReqNodes=1,Submit=2025-02-28T23:56:30+01:00,SystemCPU=06:21.594,TimelimitRaw=180,UserCPU=01:13:41,NodeList=gpu-11,Partition=accel,"AllocTRES=billing=19,cpu=1,gres/gpu:rtx30=1,gres/gpu=1,mem=8G,node=1",JobName=slicesearch_masterthesis
v=0.1.0,JobID=1356181.batch,JobIDRaw=1356181.batch,Account=ec29,State=COMPLETED,Start=2025-02-28T23:56:30+01:00,End=2025-03-01T01:31:51+01:00,AveCPU=01:20:02,AveDiskRead=12645.93M,AveDiskWrite=8721.92M,AveRSS=8383512K,ElapsedRaw=5721,MaxRSS=8383512K,MinCPU=01:20:02,ReqCPUS=1,ReqNodes=1,Submit=2025-02-28T23:56:30+01:00,SystemCPU=06:21.591,UserCPU=01:13:41,NodeList=gpu-11,"AllocTRES=cpu=1,gres/gpu:rtx30=1,gres/gpu=1,mem=8G,node=1",JobName=batch
v=0.1.0,JobID=1356181.extern,JobIDRaw=1356181.extern,Account=ec29,State=COMPLETED,Start=2025-02-28T23:56:30+01:00,End=2025-03-01T01:31:51+01:00,AveDiskRead=0.01M,ElapsedRaw=5721,ReqCPUS=1,ReqNodes=1,Submit=2025-02-28T23:56:30+01:00,SystemCPU=00:00.002,NodeList=gpu-11,"AllocTRES=billing=19,cpu=1,gres/gpu:rtx30=1,gres/gpu=1,mem=8G,node=1",JobName=extern
v=0.1.0,JobID=1356188,JobIDRaw=1356188,User=ec-aal,Account=ec403,State=CANCELLED by 2102864,Start=2025-03-01T00:18:33+01:00,End=2025-03-01T01:17:58+01:00,ElapsedRaw=3565,ReqCPUS=10,ReqMem=80G,ReqNodes=1,Submit=2025-03-01T00:18:33+01:00,SystemCPU=01:18:32,TimelimitRaw=240,UserCPU=05:36:52,NodeList=c1-14,Partition=normal,"AllocTRES=billing=20,cpu=10,mem=80G,node=1",JobName=in5550
v=0.1.0,JobID=1356188.batch,JobIDRaw=1356188.batch,Account=ec403,State=CANCELLED,Start=2025-03-01T00:18:33+01:00,End=2025-03-01T01:17:59+01:00,AveCPU=06:55:25,AveDiskRead=1786.89M,AveDiskWrite=4.58M,AveRSS=18111368K,ElapsedRaw=3566,ExitCode=0:15,MaxRSS=18111368K,MinCPU=06:55:25,ReqCPUS=10,ReqNodes=1,Submit=2025-03-01T00:18:33+01:00,SystemCPU=01:18:32,UserCPU=05:36:52,NodeList=c1-14,"AllocTRES=cpu=10,mem=80G,node=1",JobName=batch
v=0.1.0,JobID=1356188.extern,JobIDRaw=1356188.extern,Account=ec403,State=COMPLETED,Start=2025-03-01T00:18:33+01:00,End=2025-03-01T01:17:59+01:00,AveDiskRead=0.01M,ElapsedRaw=3566,ReqCPUS=10,ReqNodes=1,Submit=2025-03-01T00:18:33+01:00,SystemCPU=00:00.001,NodeList=c1-14,"AllocTRES=billing=20,cpu=10,mem=80G,node=1",JobName=extern
v=0.1.0,JobID=1356194_110,JobIDRaw=1356331,User=ec-aad,Account=ec12,State=COMPLETED,Start=2025-03-01T00:58:02+01:00,End=2025-03-01T01:00:01+01:00,ElapsedRaw=119,ReqCPUS=20,ReqMem=100G,ReqNodes=1,Submit=2025-03-01T00:27:24+01:00,SystemCPU=00:17.776,TimelimitRaw=120,UserCPU=02:41.347,NodeList=c1-26,Partition=normal,"AllocTRES=billing=25,cpu=20,mem=100G,node=1",JobName=RAW_to_mzML
v=0.1.0,JobID=1356194_110.batch,JobIDRaw=1356331.batch,Account=ec12,State=COMPLETED,Start=2025-03-01T00:58:02+01:00,End=2025-03-01T01:00:01+01:00,AveCPU=00:02:59,AveDiskRead=1015.20M,AveDiskWrite=280.59M,AveRSS=1360392K,ElapsedRaw=119,MaxRSS=1360392K,MinCPU=00:02:59,ReqCPUS=20,ReqNodes=1,Submit=2025-03-01T00:58:02+01:00,SystemCPU=00:17.775,UserCPU=02:41.346,NodeList=c1-26,"AllocTRES=cpu=20,mem=100G,node=1",JobName=batch
v=0.1.0,JobID=1356194_110.extern,JobIDRaw=1356331.extern,Account=ec12,State=COMPLETED,Start=2025-03-01T00:58:02+01:00,End=2025-03-01T01:00:01+01:00,AveDiskRead=0.01M,ElapsedRaw=119,ReqCPUS=20,ReqNodes=1,Submit=2025-03-01T00:58:02+01:00,NodeList=c1-26,"AllocTRES=billing=25,cpu=20,mem=100G,node=1",JobName=extern
v=0.1.0,JobID=1356194_112,JobIDRaw=1356333,User=ec-aad,Account=ec12,State=COMPLETED,Start=2025-03-01T00:58:32+01:00,End=2025-03-01T01:00:22+01:00,ElapsedRaw=110,ReqCPUS=20,ReqMem=100G,ReqNodes=1,Submit=2025-03-01T00:27:24+01:00,SystemCPU=00:15.595,TimelimitRaw=120,UserCPU=02:32.058,NodeList=c1-12,Partition=normal,"AllocTRES=billing=25,cpu=20,mem=100G,node=1",JobName=RAW_to_mzML
v=0.1.0,JobID=1356194_112.batch,JobIDRaw=1356333.batch,Account=ec12,State=COMPLETED,Start=2025-03-01T00:58:32+01:00,End=2025-03-01T01:00:22+01:00,AveCPU=00:02:47,AveDiskRead=880.15M,AveDiskWrite=256.03M,AveRSS=1124784K,ElapsedRaw=110,MaxRSS=1124784K,MinCPU=00:02:47,ReqCPUS=20,ReqNodes=1,Submit=2025-03-01T00:58:32+01:00,SystemCPU=00:15.594,UserCPU=02:32.058,NodeList=c1-12,"AllocTRES=cpu=20,mem=100G,node=1",JobName=batch
v=0.1.0,JobID=1356194_112.extern,JobIDRaw=1356333.extern,Account=ec12,State=COMPLETED,Start=2025-03-01T00:58:32+01:00,End=2025-03-01T01:00:22+01:00,AveDiskRead=0.01M,ElapsedRaw=110,ReqCPUS=20,ReqNodes=1,Submit=2025-03-01T00:58:32+01:00,SystemCPU=00:00.001,NodeList=c1-12,"AllocTRES=billing=25,cpu=20,mem=100G,node=1",JobName=extern
v=0.1.0,JobID=1356194_113,JobIDRaw=1356334,User=ec-aad,Account=ec12,State=COMPLETED,Start=2025-03-01T00:58:32+01:00,End=2025-03-01T01:00:00+01:00,ElapsedRaw=88,ReqCPUS=20,ReqMem=100G,ReqNodes=1,Submit=2025-03-01T00:27:24+01:00,SystemCPU=00:13.273,TimelimitRaw=120,UserCPU=01:57.438,NodeList=c1-26,Partition=normal,"AllocTRES=billing=25,cpu=20,mem=100G,node=1",JobName=RAW_to_mzML
v=0.1.0,JobID=1356194_113.batch,JobIDRaw=1356334.batch,Account=ec12,State=COMPLETED,Start=2025-03-01T00:58:32+01:00,End=2025-03-01T01:00:00+01:00,AveCPU=00:02:10,AveDiskRead=750.52M,AveDiskWrite=178.71M,AveRSS=833208K,ElapsedRaw=88,MaxRSS=833208K,MinCPU=00:02:10,ReqCPUS=20,ReqNodes=1,Submit=2025-03-01T00:58:32+01:00,SystemCPU=00:13.272,UserCPU=01:57.438,NodeList=c1-26,"AllocTRES=cpu=20,mem=100G,node=1",JobName=batch
v=0.1.0,JobID=1356194_113.extern,JobIDRaw=1356334.extern,Account=ec12,State=COMPLETED,Start=2025-03-01T00:58:32+01:00,End=2025-03-01T01:00:00+01:00,AveDiskRead=0.01M,ElapsedRaw=88,ReqCPUS=20,ReqNodes=1,Submit=2025-03-01T00:58:32+01:00,SystemCPU=00:00.001,NodeList=c1-26,"AllocTRES=billing=25,cpu=20,mem=100G,node=1",JobName=extern
v=0.1.0,JobID=1356194_114,JobIDRaw=1356335,User=ec-aad,Account=ec12,State=COMPLETED,Start=2025-03-01T01:00:02+01:00,End=2025-03-01T01:00:06+01:00,ElapsedRaw=4,ReqCPUS=20,ReqMem=100G,ReqNodes=1,Submit=2025-03-01T00:27:24+01:00,SystemCPU=00:00.539,TimelimitRaw=120,UserCPU=00:03.453,NodeList=c1-9,Partition=normal,"AllocTRES=billing=25,cpu=20,mem=100G,node=1",JobName=RAW_to_mzML
v=0.1.0,JobID=1356194_114.batch,JobIDRaw=1356335.batch,Account=ec12,State=COMPLETED,Start=2025-03-01T01:00:02+01:00,End=2025-03-01T01:00:06+01:00,AveCPU=00:00:03,AveRSS=20988K,ElapsedRaw=4,MaxRSS=20988K,MinCPU=00:00:03,ReqCPUS=20,ReqNodes=1,Submit=2025-03-01T01:00:02+01:00,SystemCPU=00:00.538,UserCPU=00:03.453,NodeList=c1-9,"AllocTRES=cpu=20,mem=100G,node=1",JobName=batch
v=0.1.0,JobID=1356194_114.extern,JobIDRaw=1356335.extern,Account=ec12,State=COMPLETED,Start=2025-03-01T01:00:02+01:00,End=2025-03-01T01:00:06+01:00,AveDiskRead=0.01M,ElapsedRaw=4,ReqCPUS=20,ReqNodes=1,Submit=2025-03-01T01:00:02+01:00,SystemCPU=00:00.001,NodeList=c1-9,"AllocTRES=billing=25,cpu=20,mem=100G,node=1",JobName=extern
v=0.1.0,JobID=1356194_115,JobIDRaw=1356337,User=ec-aad,Account=ec12,State=COMPLETED,Start=2025-03-01T01:00:02+01:00,End=2025-03-01T01:00:05+01:00,ElapsedRaw=3,ReqCPUS=20,ReqMem=100G,ReqNodes=1,Submit=2025-03-01T00:27:24+01:00,SystemCPU=00:00.613,TimelimitRaw=120,UserCPU=00:02.793,NodeList=c1-25,Partition=normal,"AllocTRES=billing=25,cpu=20,mem=100G,node=1",JobName=RAW_to_mzML
v=0.1.0,JobID=1356194_115.batch,JobIDRaw=1356337.batch,Account=ec12,State=COMPLETED,Start=2025-03-01T01:00:02+01:00,End=2025-03-01T01:00:05+01:00,AveCPU=00:00:03,AveRSS=18040K,ElapsedRaw=3,MaxRSS=18040K,MinCPU=00:00:03,ReqCPUS=20,ReqNodes=1,Submit=2025-03-01T01:00:02+01:00,SystemCPU=00:00.612,UserCPU=00:02.793,NodeList=c1-25,"AllocTRES=cpu=20,mem=100G,node=1",JobName=batch
v=0.1.0,JobID=1356194_115.extern,JobIDRaw=1356337.extern,Account=ec12,State=COMPLETED,Start=2025-03-01T01:00:02+01:00,End=2025-03-01T01:00:06+01:00,AveDiskRead=0.01M,ElapsedRaw=4,ReqCPUS=20,ReqNodes=1,Submit=2025-03-01T01:00:02+01:00,SystemCPU=00:00.001,NodeList=c1-25,"AllocTRES=billing=25,cpu=20,mem=100G,node=1",JobName=extern
v=0.1.0,JobID=1356194_116,JobIDRaw=1356338,User=ec-aad,Account=ec12,State=COMPLETED,Start=2025-03-01T01:00:02+01:00,End=2025-03-01T01:00:06+01:00,ElapsedRaw=4,ReqCPUS=20,ReqMem=100G,ReqNodes=1,Submit=2025-03-01T00:27:24+01:00,SystemCPU=00:00.694,TimelimitRaw=120,UserCPU=00:02.510,NodeList=c1-26,Partition=normal,"AllocTRES=billing=25,cpu=20,mem=100G,node=1",JobName=RAW_to_mzML
v=0.1.0,JobID=1356194_116.batch,JobIDRaw=1356338.batch,Account=ec12,State=COMPLETED,Start=2025-03-01T01:00:02+01:00,End=2025-03-01T01:00:06+01:00,AveCPU=00:00:03,AveRSS=19092K,ElapsedRaw=4,MaxRSS=19092K,MinCPU=00:00:03,ReqCPUS=20,ReqNodes=1,Submit=2025-03-01T01:00:02+01:00,SystemCPU=00:00.693,UserCPU=00:02.510,NodeList=c1-26,"AllocTRES=cpu=20,mem=100G,node=1",JobName=batch
v=0.1.0,JobID=1356194_116.extern,JobIDRaw=1356338.extern,Account=ec12,State=COMPLETED,Start=2025-03-01T01:00:02+01:00,End=2025-03-01T01:00:07+01:00,AveDiskRead=0.01M,ElapsedRaw=5,ReqCPUS=20,ReqNodes=1,Submit=2025-03-01T01:00:02+01:00,SystemCPU=00:00.001,NodeList=c1-26,"AllocTRES=billing=25,cpu=20,mem=100G,node=1",JobName=extern
v=0.1.0,JobID=1356194_117,JobIDRaw=1356339,User=ec-aad,Account=ec12,State=COMPLETED,Start=2025-03-01T01:00:02+01:00,End=2025-03-01T01:00:07+01:00,ElapsedRaw=5,ReqCPUS=20,ReqMem=100G,ReqNodes=1,Submit=2025-03-01T00:27:24+01:00,SystemCPU=00:00.938,TimelimitRaw=120,UserCPU=00:02.410,NodeList=c1-26,Partition=normal,"AllocTRES=billing=25,cpu=20,mem=100G,node=1",JobName=RAW_to_mzML
v=0.1.0,JobID=1356194_117.batch,JobIDRaw=1356339.batch,Account=ec12,State=COMPLETED,Start=2025-03-01T01:00:02+01:00,End=2025-03-01T01:00:07+01:00,AveCPU=00:00:03,AveRSS=18552K,ElapsedRaw=5,MaxRSS=18552K,MinCPU=00:00:03,ReqCPUS=20,ReqNodes=1,Submit=2025-03-01T01:00:02+01:00,SystemCPU=00:00.936,UserCPU=00:02.410,NodeList=c1-26,"AllocTRES=cpu=20,mem=100G,node=1",JobName=batch
v=0.1.0,JobID=1356194_117.extern,JobIDRaw=1356339.extern,Account=ec12,State=COMPLETED,Start=2025-03-01T01:00:02+01:00,End=2025-03-01T01:00:07+01:00,AveDiskRead=0.01M,ElapsedRaw=5,ReqCPUS=20,ReqNodes=1,Submit=2025-03-01T01:00:02+01:00,SystemCPU=00:00.001,NodeList=c1-26,"AllocTRES=billing=25,cpu=20,mem=100G,node=1",JobName=extern
v=0.1.0,JobID=1356194_118,JobIDRaw=1356340,User=ec-aad,Account=ec12,State=COMPLETED,Start=2025-03-01T01:00:32+01:00,End=2025-03-01T01:00:36+01:00,ElapsedRaw=4,ReqCPUS=20,ReqMem=100G,ReqNodes=1,Submit=2025-03-01T00:27:24+01:00,SystemCPU=00:00.575,TimelimitRaw=120,UserCPU=00:02.703,NodeList=c1-9,Partition=normal,"AllocTRES=billing=25,cpu=20,mem=100G,node=1",JobName=RAW_to_mzML
v=0.1.0,JobID=1356194_118.batch,JobIDRaw=1356340.batch,Account=ec12,State=COMPLETED,Start=2025-03-01T01:00:32+01:00,End=2025-03-01T01:00:36+01:00,AveCPU=00:00:03,AveRSS=13200K,ElapsedRaw=4,MaxRSS=13200K,MinCPU=00:00:03,ReqCPUS=20,ReqNodes=1,Submit=2025-03-01T01:00:32+01:00,SystemCPU=00:00.574,UserCPU=00:02.703,NodeList=c1-9,"AllocTRES=cpu=20,mem=100G,node=1",JobName=batch
v=0.1.0,JobID=1356194_118.extern,JobIDRaw=1356340.extern,Account=ec12,State=COMPLETED,Start=2025-03-01T01:00:32+01:00,End=2025-03-01T01:00:36+01:00,AveDiskRead=0.01M,ElapsedRaw=4,ReqCPUS=20,ReqNodes=1,Submit=2025-03-01T01:00:32+01:00,SystemCPU=00:00.001,NodeList=c1-9,"AllocTRES=billing=25,cpu=20,mem=100G,node=1",JobName=extern
v=0.1.0,JobID=1356194_119,JobIDRaw=1356341,User=ec-aad,Account=ec12,State=COMPLETED,Start=2025-03-01T01:00:32+01:00,End=2025-03-01T01:00:36+01:00,ElapsedRaw=4,ReqCPUS=20,ReqMem=100G,ReqNodes=1,Submit=2025-03-01T00:27:24+01:00,SystemCPU=00:00.635,TimelimitRaw=120,UserCPU=00:02.584,NodeList=c1-12,Partition=normal,"AllocTRES=billing=25,cpu=20,mem=100G,node=1",JobName=RAW_to_mzML
v=0.1.0,JobID=1356194_119.batch,JobIDRaw=1356341.batch,Account=ec12,State=COMPLETED,Start=2025-03-01T01:00:32+01:00,End=2025-03-01T01:00:36+01:00,AveCPU=00:00:03,AveRSS=13048K,ElapsedRaw=4,MaxRSS=13048K,MinCPU=00:00:03,ReqCPUS=20,ReqNodes=1,Submit=2025-03-01T01:00:32+01:00,SystemCPU=00:00.634,UserCPU=00:02.584,NodeList=c1-12,"AllocTRES=cpu=20,mem=100G,node=1",JobName=batch
v=0.1.0,JobID=1356194_119.extern,JobIDRaw=1356341.extern,Account=ec12,State=COMPLETED,Start=2025-03-01T01:00:32+01:00,End=2025-03-01T01:00:36+01:00,AveDiskRead=0.01M,ElapsedRaw=4,ReqCPUS=20,ReqNodes=1,Submit=2025-03-01T01:00:32+01:00,SystemCPU=00:00.001,NodeList=c1-12,"AllocTRES=billing=25,cpu=20,mem=100G,node=1",JobName=extern
v=0.1.0,JobID=1356194_120,JobIDRaw=1356342,User=ec-aad,Account=ec12,State=COMPLETED,Start=2025-03-01T01:00:32+01:00,End=2025-03-01T01:00:35+01:00,ElapsedRaw=3,ReqCPUS=20,ReqMem=100G,ReqNodes=1,Submit=2025-03-01T00:27:24+01:00,SystemCPU=00:00.573,TimelimitRaw=120,UserCPU=00:02.293,NodeList=c1-25,Partition=normal,"AllocTRES=billing=25,cpu=20,mem=100G,node=1",JobName=RAW_to_mzML
v=0.1.0,JobID=1356194_120.batch,JobIDRaw=1356342.batch,Account=ec12,State=COMPLETED,Start=2025-03-01T01:00:32+01:00,End=2025-03-01T01:00:35+01:00,AveCPU=00:00:02,AveRSS=11852K,ElapsedRaw=3,MaxRSS=11852K,MinCPU=00:00:02,ReqCPUS=20,ReqNodes=1,Submit=2025-03-01T01:00:32+01:00,SystemCPU=00:00.573,UserCPU=00:02.291,NodeList=c1-25,"AllocTRES=cpu=20,mem=100G,node=1",JobName=batch
v=0.1.0,JobID=1356194_120.extern,JobIDRaw=1356342.extern,Account=ec12,State=COMPLETED,Start=2025-03-01T01:00:32+01:00,End=2025-03-01T01:00:35+01:00,AveDiskRead=0.01M,ElapsedRaw=3,ReqCPUS=20,ReqNodes=1,Submit=2025-03-01T01:00:32+01:00,UserCPU=00:00.001,NodeList=c1-25,"AllocTRES=billing=25,cpu=20,mem=100G,node=1",JobName=extern
v=0.1.0,JobID=1356194_121,JobIDRaw=1356343,User=ec-aad,Account=ec12,State=COMPLETED,Start=2025-03-01T01:00:32+01:00,End=2025-03-01T01:02:21+01:00,ElapsedRaw=109,ReqCPUS=20,ReqMem=100G,ReqNodes=1,Submit=2025-03-01T00:27:24+01:00,SystemCPU=00:14.662,TimelimitRaw=120,UserCPU=02:20.541,NodeList=c1-26,Partition=normal,"AllocTRES=billing=25,cpu=20,mem=100G,node=1",JobName=RAW_to_mzML
v=0.1.0,JobID=1356194_121.batch,JobIDRaw=1356343.batch,Account=ec12,State=COMPLETED,Start=2025-03-01T01:00:32+01:00,End=2025-03-01T01:02:21+01:00,AveCPU=00:02:35,AveDiskRead=956.22M,AveDiskWrite=254.24M,AveRSS=1162596K,ElapsedRaw=109,MaxRSS=1162596K,MinCPU=00:02:35,ReqCPUS=20,ReqNodes=1,Submit=2025-03-01T01:00:32+01:00,SystemCPU=00:14.661,UserCPU=02:20.541,NodeList=c1-26,"AllocTRES=cpu=20,mem=100G,node=1",JobName=batch
v=0.1.0,JobID=1356194_121.extern,JobIDRaw=1356343.extern,Account=ec12,State=COMPLETED,Start=2025-03-01T01:00:32+01:00,End=2025-03-01T01:02:21+01:00,AveDiskRead=0.01M,ElapsedRaw=109,ReqCPUS=20,ReqNodes=1,Submit=2025-03-01T01:00:32+01:00,SystemCPU=00:00.001,NodeList=c1-26,"AllocTRES=billing=25,cpu=20,mem=100G,node=1",JobName=extern
v=0.1.0,JobID=1356194_122,JobIDRaw=1356344,User=ec-aad,Account=ec12,State=COMPLETED,Start=2025-03-01T01:00:32+01:00,End=2025-03-01T01:02:26+01:00,ElapsedRaw=114,ReqCPUS=20,ReqMem=100G,ReqNodes=1,Submit=2025-03-01T00:27:24+01:00,SystemCPU=00:16.861,TimelimitRaw=120,UserCPU=02:32.435,NodeList=c1-26,Partition=normal,"AllocTRES=billing=25,cpu=20,mem=100G,node=1",JobName=RAW_to_mzML
v=0.1.0,JobID=1356194_122.batch,JobIDRaw=1356344.batch,Account=ec12,State=COMPLETED,Start=2025-03-01T01:00:32+01:00,End=2025-03-01T01:02:26+01:00,AveCPU=00:02:49,AveDiskRead=950.08M,AveDiskWrite=267.70M,AveRSS=1209836K,ElapsedRaw=114,MaxRSS=1209836K,MinCPU=00:02:49,ReqCPUS=20,ReqNodes=1,Submit=2025-03-01T01:00:32+01:00,SystemCPU=00:16.859,UserCPU=02:32.435,NodeList=c1-26,"AllocTRES=cpu=20,mem=100G,node=1",JobName=batch
v=0.1.0,JobID=1356194_122.extern,JobIDRaw=1356344.extern,Account=ec12,State=COMPLETED,Start=2025-03-01T01:00:32+01:00,End=2025-03-01T01:02:26+01:00,AveDiskRead=0.01M,ElapsedRaw=114,ReqCPUS=20,ReqNodes=1,Submit=2025-03-01T01:00:32+01:00,SystemCPU=00:00.001,NodeList=c1-26,"AllocTRES=billing=25,cpu=20,mem=100G,node=1",JobName=extern
v=0.1.0,JobID=1356194_123,JobIDRaw=1356345,User=ec-aad,Account=ec12,State=COMPLETED,Start=2025-03-01T01:01:02+01:00,End=2025-03-01T01:02:41+01:00,ElapsedRaw=99,ReqCPUS=20,ReqMem=100G,ReqNodes=1,Submit=2025-03-01T00:27:24+01:00,SystemCPU=00:13.457,TimelimitRaw=120,UserCPU=02:16.409,NodeList=c1-9,Partition=normal,"AllocTRES=billing=25,cpu=20,mem=100G,node=1",JobName=RAW_to_mzML
v=0.1.0,JobID=1356194_123.batch,JobIDRaw=1356345.batch,Account=ec12,State=COMPLETED,Start=2025-03-01T01:01:02+01:00,End=2025-03-01T01:02:41+01:00,AveCPU=00:02:29,AveDiskRead=758.20M,AveDiskWrite=249.17M,AveRSS=1132516K,ElapsedRaw=99,MaxRSS=1132516K,MinCPU=00:02:29,ReqCPUS=20,ReqNodes=1,Submit=2025-03-01T01:01:02+01:00,SystemCPU=00:13.456,UserCPU=02:16.409,NodeList=c1-9,"AllocTRES=cpu=20,mem=100G,node=1",JobName=batch
v=0.1.0,JobID=1356194_123.extern,JobIDRaw=1356345.extern,Account=ec12,State=COMPLETED,Start=2025-03-01T01:01:02+01:00,End=2025-03-01T01:02:41+01:00,AveDiskRead=0.01M,ElapsedRaw=99,ReqCPUS=20,ReqNodes=1,Submit=2025-03-01T01:01:02+01:00,SystemCPU=00:00.001,NodeList=c1-9,"AllocTRES=billing=25,cpu=20,mem=100G,node=1",JobName=extern
v=0.1.0,JobID=1356194_124,JobIDRaw=1356346,User=ec-aad,Account=ec12,State=COMPLETED,Start=2025-03-01T01:01:02+01:00,End=2025-03-01T01:02:29+01:00,ElapsedRaw=87,ReqCPUS=20,ReqMem=100G,ReqNodes=1,Submit=2025-03-01T00:27:24+01:00,SystemCPU=00:12.310,TimelimitRaw=120,UserCPU=02:00.199,NodeList=c1-12,Partition=normal,"AllocTRES=billing=25,cpu=20,mem=100G,node=1",JobName=RAW_to_mzML
v=0.1.0,JobID=1356194_124.batch,JobIDRaw=1356346.batch,Account=ec12,State=COMPLETED,Start=2025-03-01T01:01:02+01:00,End=2025-03-01T01:02:29+01:00,AveCPU=00:02:12,AveDiskRead=655.70M,AveDiskWrite=166.78M,AveRSS=874952K,ElapsedRaw=87,MaxRSS=874952K,MinCPU=00:02:12,ReqCPUS=20,ReqNodes=1,Submit=2025-03-01T01:01:02+01:00,SystemCPU=00:12.309,UserCPU=02:00.199,NodeList=c1-12,"AllocTRES=cpu=20,mem=100G,node=1",JobName=batch
v=0.1.0,JobID=1356194_124.extern,JobIDRaw=1356346.extern,Account=ec12,State=COMPLETED,Start=2025-03-01T01:01:02+01:00,End=2025-03-01T01:02:29+01:00,AveDiskRead=0.01M,ElapsedRaw=87,ReqCPUS=20,ReqNodes=1,Submit=2025-03-01T01:01:02+01:00,SystemCPU=00:00.001,NodeList=c1-12,"AllocTRES=billing=25,cpu=20,mem=100G,node=1",JobName=extern
v=0.1.0,JobID=1356194_125,JobIDRaw=1356347,User=ec-aad,Account=ec12,State=COMPLETED,Start=2025-03-01T01:01:02+01:00,End=2025-03-01T01:01:06+01:00,ElapsedRaw=4,ReqCPUS=20,ReqMem=100G,ReqNodes=1,Submit=2025-03-01T00:27:24+01:00,SystemCPU=00:00.530,TimelimitRaw=120,UserCPU=00:02.744,NodeList=c1-25,Partition=normal,"AllocTRES=billing=25,cpu=20,mem=100G,node=1",JobName=RAW_to_mzML
v=0.1.0,JobID=1356194_125.batch,JobIDRaw=1356347.batch,Account=ec12,State=COMPLETED,Start=2025-03-01T01:01:02+01:00,End=2025-03-01T01:01:06+01:00,AveCPU=00:00:03,AveRSS=17564K,ElapsedRaw=4,MaxRSS=17564K,MinCPU=00:00:03,ReqCPUS=20,ReqNodes=1,Submit=2025-03-01T01:01:02+01:00,SystemCPU=00:00.529,UserCPU=00:02.744,NodeList=c1-25,"AllocTRES=cpu=20,mem=100G,node=1",JobName=batch
v=0.1.0,JobID=1356194_125.extern,JobIDRaw=1356347.extern,Account=ec12,State=COMPLETED,Start=2025-03-01T01:01:02+01:00,End=2025-03-01T01:01:06+01:00,AveDiskRead=0.01M,ElapsedRaw=4,ReqCPUS=20,ReqNodes=1,Submit=2025-03-01T01:01:02+01:00,SystemCPU=00:00.001,NodeList=c1-25,"AllocTRES=billing=25,cpu=20,mem=100G,node=1",JobName=extern
v=0.1.0,JobID=1356194_126,JobIDRaw=1356348,User=ec-aad,Account=ec12,State=COMPLETED,Start=2025-03-01T01:01:32+01:00,End=2025-03-01T01:01:40+01:00,ElapsedRaw=8,ReqCPUS=20,ReqMem=100G,ReqNodes=1,Submit=2025-03-01T00:27:24+01:00,SystemCPU=00:00.539,TimelimitRaw=120,UserCPU=00:02.582,NodeList=c1-25,Partition=normal,"AllocTRES=billing=25,cpu=20,mem=100G,node=1",JobName=RAW_to_mzML
v=0.1.0,JobID=1356194_126.batch,JobIDRaw=1356348.batch,Account=ec12,State=COMPLETED,Start=2025-03-01T01:01:32+01:00,End=2025-03-01T01:01:40+01:00,AveCPU=00:00:03,AveRSS=15528K,ElapsedRaw=8,MaxRSS=15528K,MinCPU=00:00:03,ReqCPUS=20,ReqNodes=1,Submit=2025-03-01T01:01:32+01:00,SystemCPU=00:00.539,UserCPU=00:02.580,NodeList=c1-25,"AllocTRES=cpu=20,mem=100G,node=1",JobName=batch
v=0.1.0,JobID=1356194_126.extern,JobIDRaw=1356348.extern,Account=ec12,State=COMPLETED,Start=2025-03-01T01:01:32+01:00,End=2025-03-01T01:01:40+01:00,AveDiskRead=0.01M,ElapsedRaw=8,ReqCPUS=20,ReqNodes=1,Submit=2025-03-01T01:01:32+01:00,UserCPU=00:00.001,NodeList=c1-25,"AllocTRES=billing=25,cpu=20,mem=100G,node=1",JobName=extern
v=0.1.0,JobID=1356194_127,JobIDRaw=1356349,User=ec-aad,Account=ec12,State=COMPLETED,Start=2025-03-01T01:02:02+01:00,End=2025-03-01T01:02:05+01:00,ElapsedRaw=3,ReqCPUS=20,ReqMem=100G,ReqNodes=1,Submit=2025-03-01T00:27:24+01:00,SystemCPU=00:00.531,TimelimitRaw=120,UserCPU=00:02.381,NodeList=c1-25,Partition=normal,"AllocTRES=billing=25,cpu=20,mem=100G,node=1",JobName=RAW_to_mzML
v=0.1.0,JobID=1356194_127.batch,JobIDRaw=1356349.batch,Account=ec12,State=COMPLETED,Start=2025-03-01T01:02:02+01:00,End=2025-03-01T01:02:05+01:00,AveCPU=00:00:02,AveRSS=13476K,ElapsedRaw=3,MaxRSS=13476K,MinCPU=00:00:02,ReqCPUS=20,ReqNodes=1,Submit=2025-03-01T01:02:02+01:00,SystemCPU=00:00.530,UserCPU=00:02.381,NodeList=c1-25,"AllocTRES=cpu=20,mem=100G,node=1",JobName=batch
v=0.1.0,JobID=1356194_127.extern,JobIDRaw=1356349.extern,Account=ec12,State=COMPLETED,Start=2025-03-01T01:02:02+01:00,End=2025-03-01T01:02:05+01:00,AveDiskRead=0.01M,ElapsedRaw=3,ReqCPUS=20,ReqNodes=1,Submit=2025-03-01T01:02:02+01:00,NodeList=c1-25,"AllocTRES=billing=25,cpu=20,mem=100G,node=1",JobName=extern
v=0.1.0,JobID=1356194_128,JobIDRaw=1356350,User=ec-aad,Account=ec12,State=COMPLETED,Start=2025-03-01T01:02:32+01:00,End=2025-03-01T01:02:36+01:00,ElapsedRaw=4,ReqCPUS=20,ReqMem=100G,ReqNodes=1,Submit=2025-03-01T00:27:24+01:00,SystemCPU=00:00.704,TimelimitRaw=120,UserCPU=00:02.582,NodeList=c1-12,Partition=normal,"AllocTRES=billing=25,cpu=20,mem=100G,node=1",JobName=RAW_to_mzML
v=0.1.0,JobID=1356194_128.batch,JobIDRaw=1356350.batch,Account=ec12,State=COMPLETED,Start=2025-03-01T01:02:32+01:00,End=2025-03-01T01:02:36+01:00,AveCPU=00:00:03,AveRSS=13704K,ElapsedRaw=4,MaxRSS=13704K,MinCPU=00:00:03,ReqCPUS=20,ReqNodes=1,Submit=2025-03-01T01:02:32+01:00,SystemCPU=00:00.703,UserCPU=00:02.582,NodeList=c1-12,"AllocTRES=cpu=20,mem=100G,node=1",JobName=batch
v=0.1.0,JobID=1356194_128.extern,JobIDRaw=1356350.extern,Account=ec12,State=COMPLETED,Start=2025-03-01T01:02:32+01:00,End=2025-03-01T01:02:36+01:00,AveDiskRead=0.01M,ElapsedRaw=4,ReqCPUS=20,ReqNodes=1,Submit=2025-03-01T01:02:32+01:00,SystemCPU=00:00.001,NodeList=c1-12,"AllocTRES=billing=25,cpu=20,mem=100G,node=1",JobName=extern
v=0.1.0,JobID=1356194_129,JobIDRaw=1356351,User=ec-aad,Account=ec12,State=COMPLETED,Start=2025-03-01T01:02:32+01:00,End=2025-03-01T01:02:35+01:00,ElapsedRaw=3,ReqCPUS=20,ReqMem=100G,ReqNodes=1,Submit=2025-03-01T00:27:24+01:00,SystemCPU=00:00.639,TimelimitRaw=120,UserCPU=00:02.276,NodeList=c1-25,Partition=normal,"AllocTRES=billing=25,cpu=20,mem=100G,node=1",JobName=RAW_to_mzML
v=0.1.0,JobID=1356194_129.batch,JobIDRaw=1356351.batch,Account=ec12,State=COMPLETED,Start=2025-03-01T01:02:32+01:00,End=2025-03-01T01:02:35+01:00,AveCPU=00:00:02,AveRSS=11928K,ElapsedRaw=3,MaxRSS=11928K,MinCPU=00:00:02,ReqCPUS=20,ReqNodes=1,Submit=2025-03-01T01:02:32+01:00,SystemCPU=00:00.639,UserCPU=00:02.275,NodeList=c1-25,"AllocTRES=cpu=20,mem=100G,node=1",JobName=batch
v=0.1.0,JobID=1356194_129.extern,JobIDRaw=1356351.extern,Account=ec12,State=COMPLETED,Start=2025-03-01T01:02:32+01:00,End=2025-03-01T01:02:35+01:00,AveDiskRead=0.01M,ElapsedRaw=3,ReqCPUS=20,ReqNodes=1,Submit=2025-03-01T01:02:32+01:00,UserCPU=00:00.001,NodeList=c1-25,"AllocTRES=billing=25,cpu=20,mem=100G,node=1",JobName=extern
v=0.1.0,JobID=1356194_130,JobIDRaw=1356352,User=ec-aad,Account=ec12,State=COMPLETED,Start=2025-03-01T01:02:32+01:00,End=2025-03-01T01:02:37+01:00,ElapsedRaw=5,ReqCPUS=20,ReqMem=100G,ReqNodes=1,Submit=2025-03-01T00:27:24+01:00,SystemCPU=00:00.668,TimelimitRaw=120,UserCPU=00:02.240,NodeList=c1-26,Partition=normal,"AllocTRES=billing=25,cpu=20,mem=100G,node=1",JobName=RAW_to_mzML
v=0.1.0,JobID=1356194_130.batch,JobIDRaw=1356352.batch,Account=ec12,State=COMPLETED,Start=2025-03-01T01:02:32+01:00,End=2025-03-01T01:02:37+01:00,AveCPU=00:00:02,AveRSS=22604K,ElapsedRaw=5,MaxRSS=22604K,MinCPU=00:00:02,ReqCPUS=20,ReqNodes=1,Submit=2025-03-01T01:02:32+01:00,SystemCPU=00:00.666,UserCPU=00:02.240,NodeList=c1-26,"AllocTRES=cpu=20,mem=100G,node=1",JobName=batch
v=0.1.0,JobID=1356194_130.extern,JobIDRaw=1356352.extern,Account=ec12,State=COMPLETED,Start=2025-03-01T01:02:32+01:00,End=2025-03-01T01:02:37+01:00,AveDiskRead=0.01M,ElapsedRaw=5,ReqCPUS=20,ReqNodes=1,Submit=2025-03-01T01:02:32+01:00,SystemCPU=00:00.001,NodeList=c1-26,"AllocTRES=billing=25,cpu=20,mem=100G,node=1",JobName=extern
v=0.1.0,JobID=1356194_131,JobIDRaw=1356353,User=ec-aad,Account=ec12,State=COMPLETED,Start=2025-03-01T01:02:32+01:00,End=2025-03-01T01:02:37+01:00,ElapsedRaw=5,ReqCPUS=20,ReqMem=100G,ReqNodes=1,Submit=2025-03-01T00:27:24+01:00,SystemCPU=00:00.690,TimelimitRaw=120,UserCPU=00:02.214,NodeList=c1-26,Partition=normal,"AllocTRES=billing=25,cpu=20,mem=100G,node=1",JobName=RAW_to_mzML
v=0.1.0,JobID=1356194_131.batch,JobIDRaw=1356353.batch,Account=ec12,State=COMPLETED,Start=2025-03-01T01:02:32+01:00,End=2025-03-01T01:02:37+01:00,AveCPU=00:00:02,AveRSS=20540K,ElapsedRaw=5,MaxRSS=20540K,MinCPU=00:00:02,ReqCPUS=20,ReqNodes=1,Submit=2025-03-01T01:02:32+01:00,SystemCPU=00:00.690,UserCPU=00:02.213,NodeList=c1-26,"AllocTRES=cpu=20,mem=100G,node=1",JobName=batch
v=0.1.0,JobID=1356194_131.extern,JobIDRaw=1356353.extern,Account=ec12,State=COMPLETED,Start=2025-03-01T01:02:32+01:00,End=2025-03-01T01:02:37+01:00,AveDiskRead=0.01M,ElapsedRaw=5,ReqCPUS=20,ReqNodes=1,Submit=2025-03-01T01:02:32+01:00,UserCPU=00:00.001,NodeList=c1-26,"AllocTRES=billing=25,cpu=20,mem=100G,node=1",JobName=extern
v=0.1.0,JobID=1356194_132,JobIDRaw=1356354,User=ec-aad,Account=ec12,State=COMPLETED,Start=2025-03-01T01:03:02+01:00,End=2025-03-01T01:03:06+01:00,ElapsedRaw=4,ReqCPUS=20,ReqMem=100G,ReqNodes=1,Submit=2025-03-01T00:27:24+01:00,SystemCPU=00:00.738,TimelimitRaw=120,UserCPU=00:02.556,NodeList=c1-9,Partition=normal,"AllocTRES=billing=25,cpu=20,mem=100G,node=1",JobName=RAW_to_mzML
v=0.1.0,JobID=1356194_132.batch,JobIDRaw=1356354.batch,Account=ec12,State=COMPLETED,Start=2025-03-01T01:03:02+01:00,End=2025-03-01T01:03:06+01:00,AveCPU=00:00:03,AveRSS=13068K,ElapsedRaw=4,MaxRSS=13068K,MinCPU=00:00:03,ReqCPUS=20,ReqNodes=1,Submit=2025-03-01T01:03:02+01:00,SystemCPU=00:00.736,UserCPU=00:02.556,NodeList=c1-9,"AllocTRES=cpu=20,mem=100G,node=1",JobName=batch
v=0.1.0,JobID=1356194_132.extern,JobIDRaw=1356354.extern,Account=ec12,State=COMPLETED,Start=2025-03-01T01:03:02+01:00,End=2025-03-01T01:03:06+01:00,AveDiskRead=0.01M,ElapsedRaw=4,ReqCPUS=20,ReqNodes=1,Submit=2025-03-01T01:03:02+01:00,SystemCPU=00:00.001,NodeList=c1-9,"AllocTRES=billing=25,cpu=20,mem=100G,node=1",JobName=extern
v=0.1.0,JobID=1356194_133,JobIDRaw=1356355,User=ec-aad,Account=ec12,State=COMPLETED,Start=2025-03-01T01:03:02+01:00,End=2025-03-01T01:03:06+01:00,ElapsedRaw=4,ReqCPUS=20,ReqMem=100G,ReqNodes=1,Submit=2025-03-01T00:27:24+01:00,SystemCPU=00:00.957,TimelimitRaw=120,UserCPU=00:02.518,NodeList=c1-12,Partition=normal,"AllocTRES=billing=25,cpu=20,mem=100G,node=1",JobName=RAW_to_mzML
v=0.1.0,JobID=1356194_133.batch,JobIDRaw=1356355.batch,Account=ec12,State=COMPLETED,Start=2025-03-01T01:03:02+01:00,End=2025-03-01T01:03:06+01:00,AveCPU=00:00:03,AveRSS=13660K,ElapsedRaw=4,MaxRSS=13660K,MinCPU=00:00:03,ReqCPUS=20,ReqNodes=1,Submit=2025-03-01T01:03:02+01:00,SystemCPU=00:00.956,UserCPU=00:02.518,NodeList=c1-12,"AllocTRES=cpu=20,mem=100G,node=1",JobName=batch
v=0.1.0,JobID=1356194_133.extern,JobIDRaw=1356355.extern,Account=ec12,State=COMPLETED,Start=2025-03-01T01:03:02+01:00,End=2025-03-01T01:03:06+01:00,AveDiskRead=0.01M,ElapsedRaw=4,ReqCPUS=20,ReqNodes=1,Submit=2025-03-01T01:03:02+01:00,SystemCPU=00:00.001,NodeList=c1-12,"AllocTRES=billing=25,cpu=20,mem=100G,node=1",JobName=extern
v=0.1.0,JobID=1356194_134,JobIDRaw=1356356,User=ec-aad,Account=ec12,State=COMPLETED,Start=2025-03-01T01:03:02+01:00,End=2025-03-01T01:03:05+01:00,ElapsedRaw=3,ReqCPUS=20,ReqMem=100G,ReqNodes=1,Submit=2025-03-01T00:27:24+01:00,SystemCPU=00:00.542,TimelimitRaw=120,UserCPU=00:02.252,NodeList=c1-25,Partition=normal,"AllocTRES=billing=25,cpu=20,mem=100G,node=1",JobName=RAW_to_mzML
v=0.1.0,JobID=1356194_134.batch,JobIDRaw=1356356.batch,Account=ec12,State=COMPLETED,Start=2025-03-01T01:03:02+01:00,End=2025-03-01T01:03:05+01:00,AveCPU=00:00:02,AveRSS=12900K,ElapsedRaw=3,MaxRSS=12900K,MinCPU=00:00:02,ReqCPUS=20,ReqNodes=1,Submit=2025-03-01T01:03:02+01:00,SystemCPU=00:00.541,UserCPU=00:02.252,NodeList=c1-25,"AllocTRES=cpu=20,mem=100G,node=1",JobName=batch
v=0.1.0,JobID=1356194_134.extern,JobIDRaw=1356356.extern,Account=ec12,State=COMPLETED,Start=2025-03-01T01:03:02+01:00,End=2025-03-01T01:03:06+01:00,AveDiskRead=0.01M,ElapsedRaw=4,ReqCPUS=20,ReqNodes=1,Submit=2025-03-01T01:03:02+01:00,SystemCPU=00:00.001,NodeList=c1-25,"AllocTRES=billing=25,cpu=20,mem=100G,node=1",JobName=extern
v=0.1.0,JobID=1356194_135,JobIDRaw=1356357,User=ec-aad,Account=ec12,State=COMPLETED,Start=2025-03-01T01:03:02+01:00,End=2025-03-01T01:04:43+01:00,ElapsedRaw=101,ReqCPUS=20,ReqMem=100G,ReqNodes=1,Submit=2025-03-01T00:27:24+01:00,SystemCPU=00:14.897,TimelimitRaw=120,UserCPU=02:13.660,NodeList=c1-26,Partition=normal,"AllocTRES=billing=25,cpu=20,mem=100G,node=1",JobName=RAW_to_mzML
v=0.1.0,JobID=1356194_135.batch,JobIDRaw=1356357.batch,Account=ec12,State=COMPLETED,Start=2025-03-01T01:03:02+01:00,End=2025-03-01T01:04:43+01:00,AveCPU=00:02:28,AveDiskRead=872.43M,AveDiskWrite=273.29M,AveRSS=1188888K,ElapsedRaw=101,MaxRSS=1188888K,MinCPU=00:02:28,ReqCPUS=20,ReqNodes=1,Submit=2025-03-01T01:03:02+01:00,SystemCPU=00:14.896,UserCPU=02:13.660,NodeList=c1-26,"AllocTRES=cpu=20,mem=100G,node=1",JobName=batch
v=0.1.0,JobID=1356194_135.extern,JobIDRaw=1356357.extern,Account=ec12,State=COMPLETED,Start=2025-03-01T01:03:02+01:00,End=2025-03-01T01:04:43+01:00,AveDiskRead=0.01M,ElapsedRaw=101,ReqCPUS=20,ReqNodes=1,Submit=2025-03-01T01:03:02+01:00,NodeList=c1-26,"AllocTRES=billing=25,cpu=20,mem=100G,node=1",JobName=extern
v=0.1.0,JobID=1356194_136,JobIDRaw=1356358,User=ec-aad,Account=ec12,State=COMPLETED,Start=2025-03-01T01:03:02+01:00,End=2025-03-01T01:04:30+01:00,ElapsedRaw=88,ReqCPUS=20,ReqMem=100G,ReqNodes=1,Submit=2025-03-01T00:27:24+01:00,SystemCPU=00:13.419,TimelimitRaw=120,UserCPU=01:57.342,NodeList=c1-26,Partition=normal,"AllocTRES=billing=25,cpu=20,mem=100G,node=1",JobName=RAW_to_mzML
v=0.1.0,JobID=1356194_136.batch,JobIDRaw=1356358.batch,Account=ec12,State=COMPLETED,Start=2025-03-01T01:03:02+01:00,End=2025-03-01T01:04:30+01:00,AveCPU=00:02:10,AveDiskRead=739.54M,AveDiskWrite=178.26M,AveRSS=856988K,ElapsedRaw=88,MaxRSS=856988K,MinCPU=00:02:10,ReqCPUS=20,ReqNodes=1,Submit=2025-03-01T01:03:02+01:00,SystemCPU=00:13.419,UserCPU=01:57.341,NodeList=c1-26,"AllocTRES=cpu=20,mem=100G,node=1",JobName=batch
v=0.1.0,JobID=1356194_136.extern,JobIDRaw=1356358.extern,Account=ec12,State=COMPLETED,Start=2025-03-01T01:03:02+01:00,End=2025-03-01T01:04:30+01:00,AveDiskRead=0.01M,ElapsedRaw=88,ReqCPUS=20,ReqNodes=1,Submit=2025-03-01T01:03:02+01:00,UserCPU=00:00.001,NodeList=c1-26,"AllocTRES=billing=25,cpu=20,mem=100G,node=1",JobName=extern
v=0.1.0,JobID=1356194_137,JobIDRaw=1356359,User=ec-aad,Account=ec12,State=COMPLETED,Start=2025-03-01T01:03:32+01:00,End=2025-03-01T01:05:18+01:00,ElapsedRaw=106,ReqCPUS=20,ReqMem=100G,ReqNodes=1,Submit=2025-03-01T00:27:24+01:00,SystemCPU=00:15.901,TimelimitRaw=120,UserCPU=02:29.755,NodeList=c1-9,Partition=normal,"AllocTRES=billing=25,cpu=20,mem=100G,node=1",JobName=RAW_to_mzML
v=0.1.0,JobID=1356194_137.batch,JobIDRaw=1356359.batch,Account=ec12,State=COMPLETED,Start=2025-03-01T01:03:32+01:00,End=2025-03-01T01:05:18+01:00,AveCPU=00:02:45,AveDiskRead=761.86M,AveDiskWrite=265.02M,AveRSS=1122076K,ElapsedRaw=106,MaxRSS=1122076K,MinCPU=00:02:45,ReqCPUS=20,ReqNodes=1,Submit=2025-03-01T01:03:32+01:00,SystemCPU=00:15.900,UserCPU=02:29.755,NodeList=c1-9,"AllocTRES=cpu=20,mem=100G,node=1",JobName=batch
v=0.1.0,JobID=1356194_137.extern,JobIDRaw=1356359.extern,Account=ec12,State=COMPLETED,Start=2025-03-01T01:03:32+01:00,End=2025-03-01T01:05:18+01:00,AveDiskRead=0.01M,ElapsedRaw=106,ReqCPUS=20,ReqNodes=1,Submit=2025-03-01T01:03:32+01:00,NodeList=c1-9,"AllocTRES=billing=25,cpu=20,mem=100G,node=1",JobName=extern
v=0.1.0,JobID=1356194_138,JobIDRaw=1356360,User=ec-aad,Account=ec12,State=COMPLETED,Start=2025-03-01T01:03:32+01:00,End=2025-03-01T01:03:35+01:00,ElapsedRaw=3,ReqCPUS=20,ReqMem=100G,ReqNodes=1,Submit=2025-03-01T00:27:24+01:00,SystemCPU=00:00.573,TimelimitRaw=120,UserCPU=00:02.459,NodeList=c1-12,Partition=normal,"AllocTRES=billing=25,cpu=20,mem=100G,node=1",JobName=RAW_to_mzML
